-- Inserts for clients table -- 

INSERT INTO Clients (clientId, first_name, last_name, street, city, zip_code, phone_number, email) values (1, 'Clare', 'Giblett', 'Hauk', 'Trbovlje', '93-356', '120-298-657', 'cgiblett0@huffingtonpost.com');
INSERT INTO Clients (clientId, first_name, last_name, street, city, zip_code, phone_number, email) values (2, 'Saraann', 'Kasperski', 'Maywood', 'Baganhilir', '54-543', '631-150-769', 'skasperski1@kickstarter.com');
INSERT INTO Clients (clientId, first_name, last_name, street, city, zip_code, phone_number, email) values (3, 'Terry', 'Shegog', 'Schiller', 'Suzuka', '66-132', '457-305-515', 'tshegog2@dell.com');
INSERT INTO Clients (clientId, first_name, last_name, street, city, zip_code, phone_number, email) values (4, 'Sabine', 'Blincow', 'Roxbury', 'Bilje', '52-941', '435-164-216', 'sblincow3@surveymonkey.com');
INSERT INTO Clients (clientId, first_name, last_name, street, city, zip_code, phone_number, email) values (5, 'Crystie', 'Meneyer', 'Grasskamp', 'Boguszów-Gorce', '58-371', '687-303-743', 'cmeneyer4@cdc.gov');

-- Inserts for employees table -- 

INSERT INTO Employees (employeeId, first_name, last_name, position, salary, hire_date, phone_number, email, managerId) values (1, 'Rowen', 'Wemyss', 'Internal Auditor', 15783, TO_DATE('07/05/2003', 'dd/mm/yyyy'), '384-903-047', 'rwemyss0@yolasite.com', 2);
INSERT INTO Employees (employeeId, first_name, last_name, position, salary, hire_date, phone_number, email, managerId) values (2, 'Annnora', 'Coppock.', 'Account Executive', 14227, TO_DATE('25/02/2001', 'dd/mm/yyyy'), '616-245-111', 'acoppock1@wunderground.com', 3);
INSERT INTO Employees (employeeId, first_name, last_name, position, salary, hire_date, phone_number, email, managerId) values (3, 'Mira', 'Weepers', 'CEO', 45232, TO_DATE('01/01/2001', 'dd/mm/yyyy'), '464-490-560', 'mweepers2@phoca.cz', NULL);
INSERT INTO Employees (employeeId, first_name, last_name, position, salary, hire_date, phone_number, email, managerId) values (4, 'Levi', 'Sabbin', 'Statistician IV', 28629, TO_DATE('28/02/2013', 'dd/mm/yyyy'), '354-821-160', 'lsabbin3@webeden.co.uk', 2);
INSERT INTO Employees (employeeId, first_name, last_name, position, salary, hire_date, phone_number, email, managerId) values (5, 'Jacquette', 'MacKenzie', 'Paralegal', 47760, TO_DATE('05/01/2019', 'dd/mm/yyyy'), '216-783-735', 'jmackenzie4@cornell.edu', 2);
INSERT INTO Employees (employeeId, first_name, last_name, position, salary, hire_date, phone_number, email, managerId) values (6, 'Eldon', 'Nana', 'Engineer III', 21174, TO_DATE('22/09/2015', 'dd/mm/yyyy'), '544-819-071', 'enana5@hao123.com', 2);
INSERT INTO Employees (employeeId, first_name, last_name, position, salary, hire_date, phone_number, email, managerId) values (7, 'Hedwig', 'Emtage', 'Design Engineer', 33728, TO_DATE('08/07/2019', 'dd/mm/yyyy'), '195-832-491', 'hemtage6@springer.com', 2);
INSERT INTO Employees (employeeId, first_name, last_name, position, salary, hire_date, phone_number, email, managerId) values (8, 'Chantalle', 'McWilliams', 'Professor', 22469, TO_DATE('06/09/2011', 'dd/mm/yyyy'), '707-583-075', 'cmcwilliams7@sfgate.com', 2);
INSERT INTO Employees (employeeId, first_name, last_name, position, salary, hire_date, phone_number, email, managerId) values (9, 'Kordula', 'Blanque', 'Junior Executive', 20938, TO_DATE('01/04/2012', 'dd/mm/yyyy'), '534-790-570', 'kblanque8@exblog.jp', 2);
INSERT INTO Employees (employeeId, first_name, last_name, position, salary, hire_date, phone_number, email, managerId) values (10, 'Bride', 'Pleuman', 'Associate Professor', 14662, TO_DATE('20/08/2016', 'dd/mm/yyyy'), '977-925-904', 'bpleuman9@reddit.com', 2);

-- Inserts for materials table -- 

INSERT INTO Materials (materialId, name, price_per_m2) values (1, 'Brass', 391.53);
INSERT INTO Materials (materialId, name, price_per_m2) values (2, 'Stone', 852.44);
INSERT INTO Materials (materialId, name, price_per_m2) values (3, 'Silver', 217.38);
INSERT INTO Materials (materialId, name, price_per_m2) values (4, 'Glass', 926.23);
INSERT INTO Materials (materialId, name, price_per_m2) values (5, 'Oak wood', 423.0);
INSERT INTO Materials (materialId, name, price_per_m2) values (6, 'Plastic', 284.26);
INSERT INTO Materials (materialId, name, price_per_m2) values (7, 'Nut wood', 614.12);
INSERT INTO Materials (materialId, name, price_per_m2) values (8, 'Steel', 407.47);
INSERT INTO Materials (materialId, name, price_per_m2) values (9, 'Granite', 428.1);
INSERT INTO Materials (materialId, name, price_per_m2) values (10, 'Aluminum', 33.93);
INSERT INTO Materials (materialId, name, price_per_m2) values (11, 'Pine wood', 107.13);
INSERT INTO Materials (materialId, name, price_per_m2) values (12, 'Tin', 451.31);
INSERT INTO Materials (materialId, name, price_per_m2) values (13, 'Acacia wood', 783.4);
INSERT INTO Materials (materialId, name, price_per_m2) values (14, 'Cement', 559.0);
INSERT INTO Materials (materialId, name, price_per_m2) values (15, 'Gold', 948.77);

-- Inserts for products table -- 

INSERT INTO Products (productId, name, type, price_per_unit, quantity_in_stock) values (1, 'Mexican Groundcherry', 'Sofa', 6182, 779);
INSERT INTO Products (productId, name, type, price_per_unit, quantity_in_stock) values (2, 'Deepwoods Fern', 'Chair', 47176, 472);
INSERT INTO Products (productId, name, type, price_per_unit, quantity_in_stock) values (3, 'Changing Forget-me-not', 'Sofa', 16707, 0);
INSERT INTO Products (productId, name, type, price_per_unit, quantity_in_stock) values (4, 'Aven Nelson''s Phacelia', 'Coffe table', 20909, 253);
INSERT INTO Products (productId, name, type, price_per_unit, quantity_in_stock) values (5, 'Maguire''s Draba', 'Coffe table', 34367, 149);
INSERT INTO Products (productId, name, type, price_per_unit, quantity_in_stock) values (6, 'Philodendron', 'Bed', 9182, 396);
INSERT INTO Products (productId, name, type, price_per_unit, quantity_in_stock) values (7, 'Small Twistedstalk', 'Desk', 36821, 85);
INSERT INTO Products (productId, name, type, price_per_unit, quantity_in_stock) values (8, 'Oahu Sedge', 'Sofa', 17980, 255);
INSERT INTO Products (productId, name, type, price_per_unit, quantity_in_stock) values (9, 'Sandhill St. Johnswort', 'Chair', 29676, 632);
INSERT INTO Products (productId, name, type, price_per_unit, quantity_in_stock) values (10, 'Woodland Water-willow', 'Chair', 6807, 438);
INSERT INTO Products (productId, name, type, price_per_unit, quantity_in_stock) values (11, 'Schied''s Flax', 'Stool', 11072, 311);
INSERT INTO Products (productId, name, type, price_per_unit, quantity_in_stock) values (12, 'Scented Senna', 'Armchair', 6221, 400);
INSERT INTO Products (productId, name, type, price_per_unit, quantity_in_stock) values (13, 'Broadvein Sedge', 'Office chair', 42075, 10);
INSERT INTO Products (productId, name, type, price_per_unit, quantity_in_stock) values (14, 'Porocyphus Lichen', 'Table', 14333, 544);
INSERT INTO Products (productId, name, type, price_per_unit, quantity_in_stock) values (15, 'Jointfir', 'Bed', 46620, 636);
INSERT INTO Products (productId, name, type, price_per_unit, quantity_in_stock) values (16, 'Nevada Primrose', 'Stool', 35133, 554);
INSERT INTO Products (productId, name, type, price_per_unit, quantity_in_stock) values (17, 'Steens Mountain Cushion Buckwheat', 'Bar stool', 16434, 181);
INSERT INTO Products (productId, name, type, price_per_unit, quantity_in_stock) values (18, 'Rim Lichen', 'Rug', 9240, 544);
INSERT INTO Products (productId, name, type, price_per_unit, quantity_in_stock) values (19, 'Gray Rockdaisy', 'Chandelier', 24798, 606);
INSERT INTO Products (productId, name, type, price_per_unit, quantity_in_stock) values (20, 'Biatora Lichen', 'Night table', 21233, 934);

-- Inserts for productscomposition table -- 

INSERT INTO ProductsComposition (compositionId, materialId, productId, amount_of_m2) values (1, 3, 15, 1.82);
INSERT INTO ProductsComposition (compositionId, materialId, productId, amount_of_m2) values (2, 15, 17, 3.03);
INSERT INTO ProductsComposition (compositionId, materialId, productId, amount_of_m2) values (3, 7, 7, 5.26);
INSERT INTO ProductsComposition (compositionId, materialId, productId, amount_of_m2) values (4, 12, 20, 5.67);
INSERT INTO ProductsComposition (compositionId, materialId, productId, amount_of_m2) values (5, 7, 19, 1.62);
INSERT INTO ProductsComposition (compositionId, materialId, productId, amount_of_m2) values (6, 14, 8, 5.89);
INSERT INTO ProductsComposition (compositionId, materialId, productId, amount_of_m2) values (7, 9, 14, 7.02);
INSERT INTO ProductsComposition (compositionId, materialId, productId, amount_of_m2) values (8, 10, 17, 8.94);
INSERT INTO ProductsComposition (compositionId, materialId, productId, amount_of_m2) values (9, 15, 15, 2.3);
INSERT INTO ProductsComposition (compositionId, materialId, productId, amount_of_m2) values (10, 1, 16, 1.87);
INSERT INTO ProductsComposition (compositionId, materialId, productId, amount_of_m2) values (11, 6, 4, 2.89);
INSERT INTO ProductsComposition (compositionId, materialId, productId, amount_of_m2) values (12, 2, 18, 1.03);
INSERT INTO ProductsComposition (compositionId, materialId, productId, amount_of_m2) values (13, 1, 13, 2.68);
INSERT INTO ProductsComposition (compositionId, materialId, productId, amount_of_m2) values (14, 15, 4, 6.2);
INSERT INTO ProductsComposition (compositionId, materialId, productId, amount_of_m2) values (15, 15, 5, 8.95);
INSERT INTO ProductsComposition (compositionId, materialId, productId, amount_of_m2) values (16, 11, 15, 4.76);
INSERT INTO ProductsComposition (compositionId, materialId, productId, amount_of_m2) values (17, 5, 7, 6.19);
INSERT INTO ProductsComposition (compositionId, materialId, productId, amount_of_m2) values (18, 10, 16, 5.45);
INSERT INTO ProductsComposition (compositionId, materialId, productId, amount_of_m2) values (19, 1, 7, 1.92);
INSERT INTO ProductsComposition (compositionId, materialId, productId, amount_of_m2) values (20, 10, 15, 4.48);
INSERT INTO ProductsComposition (compositionId, materialId, productId, amount_of_m2) values (21, 8, 17, 6.98);
INSERT INTO ProductsComposition (compositionId, materialId, productId, amount_of_m2) values (22, 2, 19, 3.32);
INSERT INTO ProductsComposition (compositionId, materialId, productId, amount_of_m2) values (23, 3, 11, 1.74);
INSERT INTO ProductsComposition (compositionId, materialId, productId, amount_of_m2) values (24, 6, 12, 4.6);
INSERT INTO ProductsComposition (compositionId, materialId, productId, amount_of_m2) values (25, 2, 16, 9.61);
INSERT INTO ProductsComposition (compositionId, materialId, productId, amount_of_m2) values (26, 7, 20, 6.69);
INSERT INTO ProductsComposition (compositionId, materialId, productId, amount_of_m2) values (27, 4, 8, 6.65);
INSERT INTO ProductsComposition (compositionId, materialId, productId, amount_of_m2) values (28, 6, 13, 0.23);
INSERT INTO ProductsComposition (compositionId, materialId, productId, amount_of_m2) values (29, 12, 4, 2.97);
INSERT INTO ProductsComposition (compositionId, materialId, productId, amount_of_m2) values (30, 3, 1, 1.85);
INSERT INTO ProductsComposition (compositionId, materialId, productId, amount_of_m2) values (31, 6, 18, 4.96);
INSERT INTO ProductsComposition (compositionId, materialId, productId, amount_of_m2) values (32, 5, 5, 2.68);
INSERT INTO ProductsComposition (compositionId, materialId, productId, amount_of_m2) values (33, 9, 12, 9.31);
INSERT INTO ProductsComposition (compositionId, materialId, productId, amount_of_m2) values (34, 15, 5, 3.44);
INSERT INTO ProductsComposition (compositionId, materialId, productId, amount_of_m2) values (35, 10, 11, 1.24);
INSERT INTO ProductsComposition (compositionId, materialId, productId, amount_of_m2) values (36, 12, 20, 6.96);
INSERT INTO ProductsComposition (compositionId, materialId, productId, amount_of_m2) values (37, 8, 19, 3.29);
INSERT INTO ProductsComposition (compositionId, materialId, productId, amount_of_m2) values (38, 6, 4, 6.29);
INSERT INTO ProductsComposition (compositionId, materialId, productId, amount_of_m2) values (39, 1, 10, 9.89);
INSERT INTO ProductsComposition (compositionId, materialId, productId, amount_of_m2) values (40, 9, 13, 6.86);
INSERT INTO ProductsComposition (compositionId, materialId, productId, amount_of_m2) values (41, 3, 2, 1.32);
INSERT INTO ProductsComposition (compositionId, materialId, productId, amount_of_m2) values (42, 12, 7, 0.24);
INSERT INTO ProductsComposition (compositionId, materialId, productId, amount_of_m2) values (43, 8, 5, 3.48);
INSERT INTO ProductsComposition (compositionId, materialId, productId, amount_of_m2) values (44, 8, 18, 7.06);
INSERT INTO ProductsComposition (compositionId, materialId, productId, amount_of_m2) values (45, 8, 16, 4.12);
INSERT INTO ProductsComposition (compositionId, materialId, productId, amount_of_m2) values (46, 10, 5, 1.8);
INSERT INTO ProductsComposition (compositionId, materialId, productId, amount_of_m2) values (47, 9, 15, 5.99);
INSERT INTO ProductsComposition (compositionId, materialId, productId, amount_of_m2) values (48, 6, 9, 4.49);
INSERT INTO ProductsComposition (compositionId, materialId, productId, amount_of_m2) values (49, 1, 17, 6.77);
INSERT INTO ProductsComposition (compositionId, materialId, productId, amount_of_m2) values (50, 7, 2, 7.16);
INSERT INTO ProductsComposition (compositionId, materialId, productId, amount_of_m2) values (51, 12, 19, 7.53);
INSERT INTO ProductsComposition (compositionId, materialId, productId, amount_of_m2) values (52, 7, 2, 9.61);
INSERT INTO ProductsComposition (compositionId, materialId, productId, amount_of_m2) values (53, 12, 16, 6.48);
INSERT INTO ProductsComposition (compositionId, materialId, productId, amount_of_m2) values (54, 10, 10, 1.63);
INSERT INTO ProductsComposition (compositionId, materialId, productId, amount_of_m2) values (55, 13, 8, 8.4);
INSERT INTO ProductsComposition (compositionId, materialId, productId, amount_of_m2) values (56, 12, 6, 6.0);
INSERT INTO ProductsComposition (compositionId, materialId, productId, amount_of_m2) values (57, 2, 11, 5.3);
INSERT INTO ProductsComposition (compositionId, materialId, productId, amount_of_m2) values (58, 9, 5, 3.79);
INSERT INTO ProductsComposition (compositionId, materialId, productId, amount_of_m2) values (59, 4, 7, 7.06);
INSERT INTO ProductsComposition (compositionId, materialId, productId, amount_of_m2) values (60, 3, 3, 0.32);
INSERT INTO ProductsComposition (compositionId, materialId, productId, amount_of_m2) values (61, 3, 15, 3.4);
INSERT INTO ProductsComposition (compositionId, materialId, productId, amount_of_m2) values (62, 3, 5, 5.87);
INSERT INTO ProductsComposition (compositionId, materialId, productId, amount_of_m2) values (63, 14, 11, 5.38);
INSERT INTO ProductsComposition (compositionId, materialId, productId, amount_of_m2) values (64, 2, 8, 9.15);
INSERT INTO ProductsComposition (compositionId, materialId, productId, amount_of_m2) values (65, 7, 13, 0.28);
INSERT INTO ProductsComposition (compositionId, materialId, productId, amount_of_m2) values (66, 5, 5, 5.42);
INSERT INTO ProductsComposition (compositionId, materialId, productId, amount_of_m2) values (67, 5, 20, 9.03);
INSERT INTO ProductsComposition (compositionId, materialId, productId, amount_of_m2) values (68, 14, 5, 0.72);
INSERT INTO ProductsComposition (compositionId, materialId, productId, amount_of_m2) values (69, 6, 17, 5.88);
INSERT INTO ProductsComposition (compositionId, materialId, productId, amount_of_m2) values (70, 8, 16, 7.45);
INSERT INTO ProductsComposition (compositionId, materialId, productId, amount_of_m2) values (71, 2, 13, 6.65);
INSERT INTO ProductsComposition (compositionId, materialId, productId, amount_of_m2) values (72, 6, 14, 8.4);
INSERT INTO ProductsComposition (compositionId, materialId, productId, amount_of_m2) values (73, 2, 19, 5.05);
INSERT INTO ProductsComposition (compositionId, materialId, productId, amount_of_m2) values (74, 6, 5, 3.57);
INSERT INTO ProductsComposition (compositionId, materialId, productId, amount_of_m2) values (75, 3, 20, 5.74);
INSERT INTO ProductsComposition (compositionId, materialId, productId, amount_of_m2) values (76, 1, 15, 8.95);
INSERT INTO ProductsComposition (compositionId, materialId, productId, amount_of_m2) values (77, 11, 10, 4.85);
INSERT INTO ProductsComposition (compositionId, materialId, productId, amount_of_m2) values (78, 8, 2, 9.82);
INSERT INTO ProductsComposition (compositionId, materialId, productId, amount_of_m2) values (79, 12, 10, 1.34);
INSERT INTO ProductsComposition (compositionId, materialId, productId, amount_of_m2) values (80, 11, 6, 2.15);
INSERT INTO ProductsComposition (compositionId, materialId, productId, amount_of_m2) values (81, 6, 2, 1.75);
INSERT INTO ProductsComposition (compositionId, materialId, productId, amount_of_m2) values (82, 13, 17, 6.61);
INSERT INTO ProductsComposition (compositionId, materialId, productId, amount_of_m2) values (83, 2, 10, 4.8);
INSERT INTO ProductsComposition (compositionId, materialId, productId, amount_of_m2) values (84, 10, 20, 7.13);
INSERT INTO ProductsComposition (compositionId, materialId, productId, amount_of_m2) values (85, 15, 11, 7.52);
INSERT INTO ProductsComposition (compositionId, materialId, productId, amount_of_m2) values (86, 10, 4, 7.9);
INSERT INTO ProductsComposition (compositionId, materialId, productId, amount_of_m2) values (87, 6, 20, 1.41);
INSERT INTO ProductsComposition (compositionId, materialId, productId, amount_of_m2) values (88, 12, 6, 7.76);
INSERT INTO ProductsComposition (compositionId, materialId, productId, amount_of_m2) values (89, 1, 4, 7.38);
INSERT INTO ProductsComposition (compositionId, materialId, productId, amount_of_m2) values (90, 2, 9, 0.74);
INSERT INTO ProductsComposition (compositionId, materialId, productId, amount_of_m2) values (91, 7, 15, 9.94);
INSERT INTO ProductsComposition (compositionId, materialId, productId, amount_of_m2) values (92, 11, 1, 6.5);
INSERT INTO ProductsComposition (compositionId, materialId, productId, amount_of_m2) values (93, 6, 1, 6.3);
INSERT INTO ProductsComposition (compositionId, materialId, productId, amount_of_m2) values (94, 13, 18, 0.44);
INSERT INTO ProductsComposition (compositionId, materialId, productId, amount_of_m2) values (95, 3, 20, 3.81);
INSERT INTO ProductsComposition (compositionId, materialId, productId, amount_of_m2) values (96, 14, 13, 2.75);
INSERT INTO ProductsComposition (compositionId, materialId, productId, amount_of_m2) values (97, 12, 18, 4.73);
INSERT INTO ProductsComposition (compositionId, materialId, productId, amount_of_m2) values (98, 14, 17, 9.5);
INSERT INTO ProductsComposition (compositionId, materialId, productId, amount_of_m2) values (99, 14, 3, 9.07);
INSERT INTO ProductsComposition (compositionId, materialId, productId, amount_of_m2) values (100, 10, 16, 7.89);

-- Inserts for orders table -- 

INSERT INTO Orders (orderId, clientId, employeeId, has_been_realized, shipment_date, deliver_date, order_date) values (1, 4, 2, 0, null, TO_DATE('01/04/2022', 'dd/mm/yyyy'), TO_DATE('21/01/2021', 'dd/mm/yyyy'));
INSERT INTO Orders (orderId, clientId, employeeId, has_been_realized, shipment_date, deliver_date, order_date) values (2, 5, 5, 0, null, null, TO_DATE('06/03/2021', 'dd/mm/yyyy'));
INSERT INTO Orders (orderId, clientId, employeeId, has_been_realized, shipment_date, deliver_date, order_date) values (3, 5, 3, 1, TO_DATE('04/07/2021', 'dd/mm/yyyy'), null, TO_DATE('15/04/2021', 'dd/mm/yyyy'));
INSERT INTO Orders (orderId, clientId, employeeId, has_been_realized, shipment_date, deliver_date, order_date) values (4, 3, 9, 0, null, null, TO_DATE('26/04/2021', 'dd/mm/yyyy'));
INSERT INTO Orders (orderId, clientId, employeeId, has_been_realized, shipment_date, deliver_date, order_date) values (5, 3, 9, 1, TO_DATE('26/07/2021', 'dd/mm/yyyy'), null, TO_DATE('18/01/2021', 'dd/mm/yyyy'));
INSERT INTO Orders (orderId, clientId, employeeId, has_been_realized, shipment_date, deliver_date, order_date) values (6, 2, 5, 1, TO_DATE('17/03/2022', 'dd/mm/yyyy'), null, TO_DATE('20/01/2021', 'dd/mm/yyyy'));
INSERT INTO Orders (orderId, clientId, employeeId, has_been_realized, shipment_date, deliver_date, order_date) values (7, 3, 4, 1, TO_DATE('27/09/2021', 'dd/mm/yyyy'), null, TO_DATE('23/04/2021', 'dd/mm/yyyy'));
INSERT INTO Orders (orderId, clientId, employeeId, has_been_realized, shipment_date, deliver_date, order_date) values (8, 1, 6, 1, TO_DATE('06/11/2021', 'dd/mm/yyyy'), null, TO_DATE('20/02/2021', 'dd/mm/yyyy'));
INSERT INTO Orders (orderId, clientId, employeeId, has_been_realized, shipment_date, deliver_date, order_date) values (9, 3, 8, 0, null, null, TO_DATE('18/04/2021', 'dd/mm/yyyy'));
INSERT INTO Orders (orderId, clientId, employeeId, has_been_realized, shipment_date, deliver_date, order_date) values (10, 2, 8, 1, TO_DATE('13/11/2021', 'dd/mm/yyyy'), null, TO_DATE('19/05/2021', 'dd/mm/yyyy'));

-- Inserts for orderproductline table -- 

INSERT INTO OrderProductLine (order_lineId, productId, orderId, quantity) values (1, 3, 5, 24);
INSERT INTO OrderProductLine (order_lineId, productId, orderId, quantity) values (2, 12, 1, 7);
INSERT INTO OrderProductLine (order_lineId, productId, orderId, quantity) values (3, 16, 7, 11);
INSERT INTO OrderProductLine (order_lineId, productId, orderId, quantity) values (4, 18, 8, 47);
INSERT INTO OrderProductLine (order_lineId, productId, orderId, quantity) values (5, 20, 3, 79);
INSERT INTO OrderProductLine (order_lineId, productId, orderId, quantity) values (6, 3, 1, 66);
INSERT INTO OrderProductLine (order_lineId, productId, orderId, quantity) values (7, 11, 1, 51);
INSERT INTO OrderProductLine (order_lineId, productId, orderId, quantity) values (8, 10, 8, 9);
INSERT INTO OrderProductLine (order_lineId, productId, orderId, quantity) values (9, 11, 2, 45);
INSERT INTO OrderProductLine (order_lineId, productId, orderId, quantity) values (10, 20, 1, 39);
INSERT INTO OrderProductLine (order_lineId, productId, orderId, quantity) values (11, 10, 1, 38);
INSERT INTO OrderProductLine (order_lineId, productId, orderId, quantity) values (12, 12, 7, 18);
INSERT INTO OrderProductLine (order_lineId, productId, orderId, quantity) values (13, 8, 9, 38);
INSERT INTO OrderProductLine (order_lineId, productId, orderId, quantity) values (14, 5, 8, 46);
INSERT INTO OrderProductLine (order_lineId, productId, orderId, quantity) values (15, 1, 2, 85);
INSERT INTO OrderProductLine (order_lineId, productId, orderId, quantity) values (16, 12, 9, 43);
INSERT INTO OrderProductLine (order_lineId, productId, orderId, quantity) values (17, 14, 5, 32);
INSERT INTO OrderProductLine (order_lineId, productId, orderId, quantity) values (18, 1, 1, 61);
INSERT INTO OrderProductLine (order_lineId, productId, orderId, quantity) values (19, 11, 7, 34);
INSERT INTO OrderProductLine (order_lineId, productId, orderId, quantity) values (20, 11, 5, 88);
INSERT INTO OrderProductLine (order_lineId, productId, orderId, quantity) values (21, 16, 5, 90);
INSERT INTO OrderProductLine (order_lineId, productId, orderId, quantity) values (22, 15, 8, 13);
INSERT INTO OrderProductLine (order_lineId, productId, orderId, quantity) values (23, 10, 3, 89);
INSERT INTO OrderProductLine (order_lineId, productId, orderId, quantity) values (24, 16, 6, 42);
INSERT INTO OrderProductLine (order_lineId, productId, orderId, quantity) values (25, 16, 7, 61);
INSERT INTO OrderProductLine (order_lineId, productId, orderId, quantity) values (26, 16, 3, 26);
INSERT INTO OrderProductLine (order_lineId, productId, orderId, quantity) values (27, 1, 7, 80);
INSERT INTO OrderProductLine (order_lineId, productId, orderId, quantity) values (28, 17, 4, 87);
INSERT INTO OrderProductLine (order_lineId, productId, orderId, quantity) values (29, 15, 1, 9);
INSERT INTO OrderProductLine (order_lineId, productId, orderId, quantity) values (30, 8, 10, 61);
INSERT INTO OrderProductLine (order_lineId, productId, orderId, quantity) values (31, 9, 3, 59);
INSERT INTO OrderProductLine (order_lineId, productId, orderId, quantity) values (32, 14, 1, 32);
INSERT INTO OrderProductLine (order_lineId, productId, orderId, quantity) values (33, 3, 3, 88);
INSERT INTO OrderProductLine (order_lineId, productId, orderId, quantity) values (34, 13, 2, 11);
INSERT INTO OrderProductLine (order_lineId, productId, orderId, quantity) values (35, 18, 7, 13);
INSERT INTO OrderProductLine (order_lineId, productId, orderId, quantity) values (36, 14, 4, 73);
INSERT INTO OrderProductLine (order_lineId, productId, orderId, quantity) values (37, 18, 3, 67);
INSERT INTO OrderProductLine (order_lineId, productId, orderId, quantity) values (38, 2, 10, 15);
INSERT INTO OrderProductLine (order_lineId, productId, orderId, quantity) values (39, 5, 10, 18);
INSERT INTO OrderProductLine (order_lineId, productId, orderId, quantity) values (40, 9, 8, 96);
INSERT INTO OrderProductLine (order_lineId, productId, orderId, quantity) values (41, 15, 9, 33);
INSERT INTO OrderProductLine (order_lineId, productId, orderId, quantity) values (42, 20, 4, 76);
INSERT INTO OrderProductLine (order_lineId, productId, orderId, quantity) values (43, 1, 9, 55);
INSERT INTO OrderProductLine (order_lineId, productId, orderId, quantity) values (44, 15, 2, 57);
INSERT INTO OrderProductLine (order_lineId, productId, orderId, quantity) values (45, 11, 8, 1);
INSERT INTO OrderProductLine (order_lineId, productId, orderId, quantity) values (46, 19, 4, 57);
INSERT INTO OrderProductLine (order_lineId, productId, orderId, quantity) values (47, 2, 10, 82);
INSERT INTO OrderProductLine (order_lineId, productId, orderId, quantity) values (48, 6, 7, 20);
INSERT INTO OrderProductLine (order_lineId, productId, orderId, quantity) values (49, 6, 10, 36);
INSERT INTO OrderProductLine (order_lineId, productId, orderId, quantity) values (50, 13, 10, 68);